state,points
Kentucky,82.4
Iowa,83.25
New Jersey,83.56
Missouri,83.68
Pennsylvania,83.78
Connecticut,83.8
Ohio,83.8
New Mexico,83.95
Nevada,84.2
North Carolina,84.28
Vermont,84.4
Illinois,84.5
Arizona,84.86
Massachusetts,85
Texas,85.22
Virginia,85.43
Colorado,85.58
Michigan,85.62
Idaho,86.13
New York,86.7
Hawaii,87
California,88.11
Oregon,88.8
Washington,88.91
Rhode Island,90
