state,points
Arizona,84.86
California,88.11
Colorado,85.58
Connecticut,83.80
Hawaii,87.00
Idaho,86.13
Illinois,84.50
Iowa,83.25
Kentucky,82.40
Massachusetts,85.00
Michigan,85.62
Missouri,83.68
Nevada,84.20
New Jersey,83.56
New Mexico,83.95
New York,86.70
North Carolina,84.28
Ohio,83.80
Oregon,88.80
Pennsylvania,83.78
Rhode Island,90.00
Texas,85.22
Vermont,84.40
Virginia,85.43
Washington,88.91
